title,url,thumbnail_url,channel,description,views,post_date
"CELTICS at WARRIORS | FULL GAME 1 NBA FINALS HIGHLIGHTS | June 2, 2022",https://www.youtube.com/watch?v=FORXBT6GFa0,https://i.ytimg.com/vi/FORXBT6GFa0/hqdefault.jpg?sqp=-oaymwEcCPYBEIoBSFXyq4qpAw4IARUAAIhCGAFwAcABBg==&rs=AOn4CLB2-3Alcb6IRtA4QPXvP7GZUV-r4Q,NBA,"Stay up-to-date on news, live scores and stats with the NBA App: https://app.link.nba.com/app22 After outscoring Golden State, 40-16 in Q4, the Celtics defeated the Warriors in Game 1, 120-108....",3.4M views,14 hours ago
Polo G - Distraction (Official Video),https://www.youtube.com/watch?v=ktFLtS8GfoU,https://i.ytimg.com/vi/ktFLtS8GfoU/hqdefault.jpg?sqp=-oaymwEcCPYBEIoBSFXyq4qpAw4IARUAAIhCGAFwAcABBg==&rs=AOn4CLCr1we3t7VUxBUanEWklxD5DryCfQ,Polo G,"Official video for ""Distraction"" by Polo G Polo G ""Distraction"" out now: https://polog.lnk.to/distraction Directed by Christian Breslauer Written by Polo G Follow Polo G Instagram - https://ww...",973K views,14 hours ago
"State of Play | June 2, 2022 [ENGLISH]",https://www.youtube.com/watch?v=Wr4PGa1sHFQ,https://i.ytimg.com/vi/Wr4PGa1sHFQ/hqdefault.jpg?sqp=-oaymwEcCPYBEIoBSFXyq4qpAw4IARUAAIhCGAFwAcABBg==&rs=AOn4CLDzfwtBuH2M4SluCeeXl1qh9rM7HQ,PlayStation,"Rated RP ‚Äì Mature Tune in for nearly 30 minutes of announcements and updates from the world of PlayStation. We‚Äôll have some exciting reveals from our third party partners, plus a sneak...",2M views,Streamed 19 hours ago
I Survived On $0.01 For 30 Days - Day 2,https://www.youtube.com/watch?v=6BVMjlWja_8,https://i.ytimg.com/vi/6BVMjlWja_8/hqdefault.jpg?sqp=-oaymwEcCPYBEIoBSFXyq4qpAw4IARUAAIhCGAFwAcABBg==&rs=AOn4CLADAgSu3R5z5Z_eK-toyJW6AOXSOA,Ryan Trahan,Day 2. 1 penny. 1 MILLION MEALS BABY! donate here - https://www.feedingamerica.org/penny,2.1M views,1 day ago
Millie Bobby Brown Needs a Milkshake While Eating Spicy Wings | Hot Ones,https://www.youtube.com/watch?v=n5Qpg-iZPT8,,First We Feast,"Millie Bobby Brown is an actress and producer you know best from her role as Eleven on the seven-time Emmy Award‚Äìwinning global megahit Stranger Things, now streaming its highly anticipated...",5M views,1 day ago
BREAKING: Jury Hands Down Verdict in Johnny Depp's Favor at End of Defamation Trial with Amber Heard,https://www.youtube.com/watch?v=hbMeRX6Cfio,,Law&Crime Network,"BREAKING: A Virginia jury just handed down a stunning verdict, mostly in actor Johnny Depp‚Äôs favor, at the end of a rollercoaster defamation trial against his ex-wife and actress Amber Heard....",16M views,1 day ago
"What Happens When You Order 10,000 Amazon Packages?",https://www.youtube.com/watch?v=JCgk-mnngY4,,Airrack,Arm yourself with Mafia Merch pls! (I'm literally loosing money on this) Text MAFIA to 310-347-4648 https://www.airrack.shop Follow me on Instagram! INSTAGRAM ‚ñ∂Ô∏è https://urlgeni.us/instagram/...,2.6M views,1 day ago
Special Report: Billy Bush and Emily D. Baker react to Amber Heard-Johnny Depp verdict,https://www.youtube.com/watch?v=IE1WKs7D9Jk,,FOX 11 Los Angeles,The Special Report was joined by Extra's Billy Bush and legal expert Emily D. Baker to hear their thoughts on the Johnny Depp-Amber Heard verdict. Subscribe to FOX 11 Los Angeles: https://www.yout...,2.2M views,1 day ago
Official ‚ÄúUltimate Team‚Äù Teaser - Call of Duty: Modern Warfare II,https://www.youtube.com/watch?v=Xd9QeRguvDA,,Call of Duty,"The ultimate weapon is team. #ModernWarfare2 Worldwide #MWII Reveal üìÖ June 8th üïò 10am PT Modern Warfare¬Æ II releases October 28, 2022. #ModernWarfare2 #CallOfDuty Follow #CallofDuty...",8.4M views,1 day ago
Madden 23 Official Reveal Trailer | Introducing FieldSENSE‚Ñ¢,https://www.youtube.com/watch?v=Qv6G_w8RUOo,,EA SPORTS MADDEN NFL,"EA SPORTS Madden NFL 23 introduces the all-new FieldSENSE Gameplay System. Pre-order Now: http://x.ea.com/73774 Furthering John Madden‚Äôs vision of sharing ‚Äúreal‚Äù football, FieldSENSE...",399K views,1 day ago
